num, prob
1, 30.103
2, 17.60913
3, 12.49387
4, 9.691001
5, 7.918125
6, 6.694679
7, 5.799195
8, 5.115252
9, 4.575749
10, 4.139269